{"cameraMode":{"drawMode":0,"name":"Shaded","section":"Shading Mode"},"sceneLighting":true,"audioPlay":false,"sceneViewState":{"m_AlwaysRefresh":false,"showFog":true,"showSkybox":true,"showFlares":true,"showImageEffects":true,"showParticleSystems":true,"showVisualEffectGraphs":true,"m_FxEnabled":true},"in2DMode":false,"pivot":{"x":8.324155807495118,"y":3.865327835083008,"z":5.079830169677734},"rotation":{"x":-0.4473111629486084,"y":-0.0006012098165228963,"z":0.0008178586140275002,"w":-0.8942627310752869},"size":42.30906295776367,"orthographic":true}