{"cameraMode":{"drawMode":0,"name":"Shaded","section":"Shading Mode"},"sceneLighting":true,"audioPlay":false,"sceneViewState":{"m_AlwaysRefresh":false,"showFog":true,"showSkybox":true,"showFlares":true,"showImageEffects":true,"showParticleSystems":true,"showVisualEffectGraphs":true,"m_FxEnabled":true},"in2DMode":false,"pivot":{"x":-1.4207879304885865,"y":2.4565348625183107,"z":0.9090172648429871},"rotation":{"x":-0.28139635920524599,"y":-0.010904403403401375,"z":0.003327776212245226,"w":-0.9593808650970459},"size":31.73110008239746,"orthographic":true}