{"cameraMode":{"drawMode":0,"name":"Shaded","section":"Shading Mode"},"sceneLighting":true,"audioPlay":false,"sceneViewState":{"m_AlwaysRefresh":false,"showFog":true,"showSkybox":true,"showFlares":true,"showImageEffects":true,"showParticleSystems":true,"showVisualEffectGraphs":true,"m_FxEnabled":true},"in2DMode":false,"pivot":{"x":-0.5025985240936279,"y":5.825552463531494,"z":4.282502174377441},"rotation":{"x":-0.43236878514289858,"y":-0.021055689081549646,"z":0.01020283903926611,"w":-0.9012591242790222},"size":30.443910598754884,"orthographic":true}